slot,focus_effect,item,item_url,slot_raw,classes,ac,hp,mana,weight,size,era,flags,stats,saves
Arms,Burning Affliction I,Hollowed Bone Bracers,https://eqlwiki.com/Hollowed_Bone_Bracers,ARMS,Cleric|Druid|Bard|Shaman|Necromancer|Wizard|Magician|Enchanter,6,,15,2.5,SMALL,Classic Era,MAGIC ITEM,,MAGIC+7
Arms,Enhancement Haste I,Gatorscale Sleeves,https://eqlwiki.com/Gatorscale_Sleeves,ARMS,Warrior|Cleric|Paladin|Ranger|Shadow Knight|Druid|Monk|Bard|Rogue|Shaman|Necromancer|Wizard|Magician|Enchanter|Beastlord|Berserker,6,15,,0.3,SMALL,Classic Era,MAGIC ITEM,INT+4,
Arms,Extended Range I,Drake-hide Sleeves,https://eqlwiki.com/Drake-hide_Sleeves,ARMS,Warrior|Cleric|Paladin|Ranger|Shadow Knight|Druid|Monk|Bard|Rogue|Shaman|Necromancer|Wizard|Magician|Enchanter|Beastlord|Berserker,4,10,,0.1,SMALL,Classic Era,MAGIC ITEM,STA+3,
Arms,Improved Damage I,Azure Sleeves,https://eqlwiki.com/Azure_Sleeves,ARMS,Warrior|Cleric|Paladin|Ranger|Shadow Knight|Druid|Monk|Bard|Rogue|Shaman|Necromancer|Wizard|Magician|Enchanter|Beastlord|Berserker,12,,,0.6,SMALL,Classic Era,MAGIC ITEM,,
Arms,Mana Preservation I,Platinum Armband,https://eqlwiki.com/Platinum_Armband,ARMS,Warrior|Cleric|Paladin|Ranger|Shadow Knight|Druid|Monk|Bard|Rogue|Shaman|Necromancer|Wizard|Magician|Enchanter|Beastlord|Berserker,,,,0.3,SMALL,Classic Era,MAGIC ITEM,STR+3 WIS+3,
Arms,Summoning Efficiency II,Embroidered Black Sleeves,https://eqlwiki.com/Embroidered_Black_Sleeves,ARMS,Cleric|Druid|Bard|Shaman|Necromancer|Wizard|Magician|Enchanter,4,10,25,0.4,SMALL,,MAGIC ITEM,,
Back,Improved Damage I,Mammoth Hide Cloak,https://eqlwiki.com/Mammoth_Hide_Cloak,BACK,Warrior|Cleric|Paladin|Ranger|Shadow Knight|Druid|Monk|Bard|Rogue|Shaman|Necromancer|Wizard|Magician|Enchanter|Beastlord|Berserker,7,,,2.5,MEDIUM,,,WIS+4,COLD+5
Back,Improved Damage III,White Dragonscale Cloak,https://eqlwiki.com/White_Dragonscale_Cloak,BACK,Warrior|Cleric|Paladin|Ranger|Shadow Knight|Druid|Monk|Bard|Rogue|Shaman|Necromancer|Wizard|Magician|Enchanter|Beastlord|Berserker,10,,75,1.0,MEDIUM,Classic Era,MAGIC ITEM,INT+9 WIS+9,COLD+25
Chest,Affliction Haste II,Green Silken Drape,https://eqlwiki.com/Green_Silken_Drape,CHEST,Necromancer|Wizard|Magician|Enchanter,8,,,3.5,MEDIUM,,MAGIC ITEM,DEX+9 INT+3 STA+9,POISON+15
Chest,Extended Enhancement I,Damask Robe,https://eqlwiki.com/Damask_Robe,CHEST,Necromancer|Wizard|Magician|Enchanter,6,,,1.0,MEDIUM,,MAGIC ITEM,,
Chest,Extended Enhancement I,Lockjaw Hide Vest,https://eqlwiki.com/Lockjaw_Hide_Vest,CHEST,Warrior|Cleric|Paladin|Ranger|Shadow Knight|Druid|Monk|Bard|Rogue|Shaman|Necromancer|Wizard|Magician|Enchanter|Beastlord|Berserker,12,,,1.5,MEDIUM,Classic Era,MAGIC ITEM,STA+5,
Chest,Extended Enhancement II,Chestplate of the Constant,https://eqlwiki.com/Chestplate_of_the_Constant,CHEST,Cleric,20,,,7.5,LARGE,Temple Era,MAGIC ITEM|LORE ITEM,STA+8,MAGIC+5
Chest,Extended Enhancement II,Totemic Breastplate,https://eqlwiki.com/Totemic_Breastplate,CHEST,Shaman,19,,,6.0,LARGE,,MAGIC ITEM|LORE ITEM,,DISEASE+5 MAGIC+5 POISON+5
Chest,Improved Damage I,Robe of the Oracle,https://eqlwiki.com/Robe_of_the_Oracle,CHEST,Monk|Necromancer|Wizard|Magician|Enchanter,9,,25,2.0,MEDIUM,Classic Era,MAGIC ITEM|LORE ITEM,INT+5 WIS+5,
Chest,Mana Preservation I,Vagrant's Tunic,https://eqlwiki.com/Vagrant's_Tunic,CHEST,Warrior|Cleric|Paladin|Ranger|Shadow Knight|Druid|Monk|Bard|Rogue|Shaman|Beastlord|Berserker,8,5,,5.5,TINY,Classic Era,ATTUNABLE,WIS+4,COLD+10
Chest,Minor Improved Damage I,Smoldering Robe,https://eqlwiki.com/Smoldering_Robe,CHEST,Necromancer|Wizard|Magician|Enchanter,4,,5,1.0,MEDIUM,Classic Era,NO TRADE|EQUIPPED|LORE,INT+2,
Chest,Reagent Conservation III,Robe of the Kedge,https://eqlwiki.com/Robe_of_the_Kedge,CHEST,Necromancer|Wizard|Magician|Enchanter,8,,100,1.5,MEDIUM,,MAGIC ITEM|NO DROP,STA+10,
Chest,Reanimation Efficiency I,Flowing Black Robe,https://eqlwiki.com/Flowing_Black_Robe,CHEST,Necromancer|Wizard|Magician|Enchanter,8,,,3.5,MEDIUM,,MAGIC ITEM|LORE ITEM,INT+3 STA+5,
Chest,Reanimation Efficiency I,Ill-Fitting Robes,https://eqlwiki.com/Ill-Fitting_Robes,CHEST,Necromancer|Wizard|Magician|Enchanter,,,,3.5,SMALL,,,,
Chest,Reanimation Efficiency III,Robe of the Ishva,https://eqlwiki.com/Robe_of_the_Ishva,CHEST,Necromancer|Wizard|Magician|Enchanter,8,,50,1.8,MEDIUM,,MAGIC ITEM|LORE ITEM,CHA+5,POISON+14
Chest,Reanimation Haste II,Robe of Enshroudment,https://eqlwiki.com/Robe_of_Enshroudment,CHEST,Necromancer,9,,,3.5,MEDIUM,Temple Era,MAGIC ITEM|LORE ITEM,AGI+4 INT+4,COLD+4 FIRE+4
Chest,Spell Haste II,Mithril-Runed Tunic,https://eqlwiki.com/Mithril-Runed_Tunic,CHEST,Warrior|Cleric|Paladin|Ranger|Shadow Knight|Druid|Monk|Bard|Rogue|Shaman|Necromancer|Wizard|Magician|Enchanter|Beastlord|Berserker,10,,,2.5,MEDIUM,,MAGIC ITEM,STA+3 WIS+5,
Chest,Spell Haste II,Shining Metallic Robes,https://eqlwiki.com/Shining_Metallic_Robes,CHEST,Necromancer|Wizard|Magician|Enchanter,10,,,3.5,MEDIUM,,MAGIC ITEM,INT+9,COLD+8 FIRE+8
Chest,Spell Haste II,Shiny Robe of the Underfoot,https://eqlwiki.com/Shiny_Robe_of_the_Underfoot,CHEST,Necromancer|Wizard|Magician|Enchanter,12,,30,3.5,MEDIUM,Classic Era,MAGIC ITEM|LORE ITEM,INT+7 STR+3,COLD+10 FIRE+10 MAGIC+10
Chest,Summoning Efficiency I,Gossamer Robe,https://eqlwiki.com/Gossamer_Robe,CHEST,Necromancer|Wizard|Magician|Enchanter,8,,,1.0,MEDIUM,,MAGIC ITEM,,
Chest,Summoning Haste II,Robe of the Elements,https://eqlwiki.com/Robe_of_the_Elements,CHEST,Magician,9,,,3.5,MEDIUM,Temple Era,MAGIC ITEM|LORE ITEM,INT+4,COLD+5 FIRE+5
Ear,Affliction Efficiency I,Diamondine Earring,https://eqlwiki.com/Diamondine_Earring,EAR,Warrior|Cleric|Paladin|Ranger|Shadow Knight|Druid|Monk|Bard|Rogue|Shaman|Necromancer|Wizard|Magician|Enchanter|Beastlord|Berserker,2,12,,0.1,TINY,Classic Era,MAGIC ITEM,STR+3,
Ear,Burning Affliction I,Golden Ear Stud,https://eqlwiki.com/Golden_Ear_Stud,EAR,Warrior|Cleric|Paladin|Ranger|Shadow Knight|Druid|Monk|Bard|Rogue|Shaman|Necromancer|Wizard|Magician|Enchanter|Beastlord|Berserker,,,,0.1,TINY,,,INT+3,
Ear,Jolum's Abatement,Summoned: Jolum's Shiny Bauble,https://eqlwiki.com/Summoned:_Jolum's_Shiny_Bauble,EAR,Beastlord|Cleric|Druid|Enchanter|Magician|Necromancer|Paladin|Ranger|Shaman|Shadow Knight|Wizard,4,10,10,0.1,TINY,Classic Era,MAGIC ITEM|TEMPORARY|EQUIPPED|LORE,,
Ear,Jolum's Major Abatement,Summoned: Jolum's Brilliant Bauble,https://eqlwiki.com/Summoned:_Jolum's_Brilliant_Bauble,EAR,Beastlord|Cleric|Druid|Enchanter|Magician|Necromancer|Paladin|Ranger|Shaman|Shadow Knight|Wizard,6,20,20,0.1,TINY,Classic Era,MAGIC ITEM|TEMPORARY|EQUIPPED|LORE,,
Ear,Jolum's Minor Abatement,Summoned: Jolum's Tarnished Bauble,https://eqlwiki.com/Summoned:_Jolum's_Tarnished_Bauble,EAR,Beastlord|Cleric|Druid|Enchanter|Magician|Necromancer|Paladin|Ranger|Shaman|Shadow Knight|Wizard,2,5,5,0.1,TINY,Classic Era,MAGIC ITEM|TEMPORARY|EQUIPPED|LORE,,
Ear,Jolum's Superior Abatement,Summoned: Jolum's Glowing Bauble,https://eqlwiki.com/Summoned:_Jolum's_Glowing_Bauble,EAR,Beastlord|Cleric|Druid|Enchanter|Magician|Necromancer|Paladin|Ranger|Shaman|Shadow Knight|Wizard,6,20,20,0.1,TINY,Velious Era,MAGIC ITEM|TEMPORARY|EQUIPPED|LORE,,
Ear,Mana Preservation I,Polished Bone Hoop,https://eqlwiki.com/Polished_Bone_Hoop,EAR,Warrior|Cleric|Paladin|Ranger|Shadow Knight|Druid|Monk|Bard|Rogue|Shaman|Necromancer|Wizard|Magician|Enchanter|Beastlord|Berserker,,,10,0.1,TINY,,,,
Ear,Reagent Conservation I,Batskull Earring,https://eqlwiki.com/Batskull_Earring,EAR,Warrior|Cleric|Paladin|Ranger|Shadow Knight|Druid|Monk|Bard|Rogue|Shaman|Necromancer|Wizard|Magician|Enchanter|Beastlord|Berserker,,,,0.2,TINY,Classic Era,MAGIC ITEM,INT+5,
Face,Burning Affliction I,Burrowing Goggles,https://eqlwiki.com/Burrowing_Goggles,FACE,Necromancer|Wizard|Magician|Enchanter,5,10,,0.1,SMALL,,,INT+5,
Face,Improved Damage II,Polished Mithril Mask,https://eqlwiki.com/Polished_Mithril_Mask,FACE,Warrior|Cleric|Paladin|Ranger|Shadow Knight|Druid|Monk|Bard|Rogue|Shaman|Necromancer|Wizard|Magician|Enchanter|Beastlord|Berserker,5,,,0.8,SMALL,,MAGIC ITEM|LORE ITEM|NO DROP,INT+7 WIS+7,
Face,Improved Healing I,Emissary Mask,https://eqlwiki.com/Emissary_Mask,FACE,Warrior|Cleric|Paladin|Shadow Knight|Bard,4,,,1.0,SMALL,Classic Era,ATTUNABLE,WIS+3,FIRE+3
Face,Reanimation Efficiency I,Lizardskin Tribal Mask,https://eqlwiki.com/Lizardskin_Tribal_Mask,FACE,Warrior|Cleric|Paladin|Ranger|Shadow Knight|Druid|Monk|Bard|Rogue|Shaman|Necromancer|Wizard|Magician|Enchanter|Beastlord|Berserker,3,,,0.2,SMALL,,MAGIC ITEM,AGI+5,MAGIC+5
Face,Reanimation Haste I,Carved Ivory Mask,https://eqlwiki.com/Carved_Ivory_Mask,FACE,Warrior|Cleric|Paladin|Ranger|Shadow Knight|Druid|Monk|Bard|Rogue|Shaman|Necromancer|Wizard|Magician|Enchanter|Beastlord|Berserker,2,10,,0.9,SMALL,,MAGIC ITEM,AGI+4,
Face,Summoning Haste II,Incandescent Mask,https://eqlwiki.com/Incandescent_Mask,FACE,Monk|Enchanter,3,,,0.4,SMALL,Temple Era,MAGIC ITEM|LORE ITEM,CHA+7 INT+5,
Feet,Burning Affliction II,Kobold-Hide Boots,https://eqlwiki.com/Kobold-Hide_Boots,FEET,Warrior|Cleric|Paladin|Ranger|Shadow Knight|Druid|Monk|Bard|Rogue|Shaman|Necromancer|Wizard|Magician|Enchanter|Beastlord|Berserker,5,10,,2.5,SMALL,Classic Era,MAGIC ITEM,AGI+3,
Feet,Enhancement Haste II,Golden Efreeti Boots,https://eqlwiki.com/Golden_Efreeti_Boots,FEET,Warrior|Cleric|Paladin|Ranger|Shadow Knight|Druid|Monk|Bard|Rogue|Shaman|Necromancer|Wizard|Magician|Enchanter|Beastlord|Berserker,5,,,2.5,MEDIUM,Classic Era,MAGIC ITEM,INT+9 WIS+9,POISON+1
Feet,Extended Enhancement I,Bear-hide Boots,https://eqlwiki.com/Bear-hide_Boots,FEET,Warrior|Cleric|Paladin|Ranger|Shadow Knight|Druid|Monk|Bard|Rogue|Shaman|Necromancer|Wizard|Magician|Enchanter|Beastlord|Berserker,5,,,2.5,SMALL,,,,
Feet,Spell Haste I,Wolf Fur Slippers,https://eqlwiki.com/Wolf_Fur_Slippers,FEET,Warrior|Cleric|Paladin|Ranger|Shadow Knight|Druid|Monk|Bard|Rogue|Shaman|Necromancer|Wizard|Magician|Enchanter|Beastlord|Berserker,2,,20,0.5,SMALL,Classic Era,MAGIC ITEM,AGI+7,
Fingers,Affliction Haste I,Ring of Goblin Lords,https://eqlwiki.com/Ring_of_Goblin_Lords,FINGER,Warrior|Cleric|Paladin|Ranger|Shadow Knight|Druid|Monk|Bard|Rogue|Shaman|Necromancer|Wizard|Magician|Enchanter|Beastlord|Berserker,4,,,0.1,TINY,,LORE ITEM,INT+3 STR+3,
Fingers,Extended Enhancement II,Clawed Knuckle-Ring,https://eqlwiki.com/Clawed_Knuckle-Ring,FINGER,Warrior|Cleric|Paladin|Ranger|Shadow Knight|Druid|Monk|Bard|Rogue|Shaman|Necromancer|Wizard|Magician|Enchanter|Beastlord|Berserker,,20,,0.1,TINY,,MAGIC ITEM,DEX+2,
Fingers,Extended Range II,Moonstone Ring,https://eqlwiki.com/Moonstone_Ring,FINGER,Warrior|Cleric|Paladin|Ranger|Shadow Knight|Druid|Monk|Bard|Rogue|Shaman|Necromancer|Wizard|Magician|Enchanter|Beastlord|Berserker,,,30,0.1,TINY,,MAGIC ITEM,STR+3,
Fingers,Naki's Charm of Pernicity,Summoned: Naki's Twisted Ring,https://eqlwiki.com/Summoned:_Naki's_Twisted_Ring,FINGER,Beastlord|Cleric|Druid|Enchanter|Magician|Necromancer|Paladin|Ranger|Shaman|Shadow Knight|Wizard,4,10,10,0.1,TINY,Classic Era,MAGIC ITEM|TEMPORARY|EQUIPPED|LORE,,
Fingers,Naki's Greater Pernicity,Summoned: Naki's Studded Ring,https://eqlwiki.com/Summoned:_Naki's_Studded_Ring,FINGER,Beastlord|Cleric|Druid|Enchanter|Magician|Necromancer|Paladin|Ranger|Shaman|Shadow Knight|Wizard,6,20,20,0.1,TINY,Kunark Era,MAGIC ITEM|TEMPORARY|EQUIPPED|LORE,,
Fingers,Naki's Lesser Pernicity,Summoned: Naki's Tiny Ring,https://eqlwiki.com/Summoned:_Naki's_Tiny_Ring,FINGER,Beastlord|Cleric|Druid|Enchanter|Magician|Necromancer|Paladin|Ranger|Shaman|Shadow Knight|Wizard,2,5,5,0.1,TINY,Classic Era,MAGIC ITEM|TEMPORARY|EQUIPPED|LORE,,
Fingers,Naki's Superior Pernicity,Summoned: Naki's Spiked Ring,https://eqlwiki.com/Summoned:_Naki's_Spiked_Ring,FINGER,Beastlord|Cleric|Druid|Enchanter|Magician|Necromancer|Paladin|Ranger|Shaman|Shadow Knight|Wizard,6,20,20,0.1,TINY,Velious Era,MAGIC ITEM|TEMPORARY|EQUIPPED|LORE,,
Fingers,Reanimation Efficiency II,Platinum Skull Ring,https://eqlwiki.com/Platinum_Skull_Ring,FINGER,Warrior|Cleric|Paladin|Ranger|Shadow Knight|Druid|Monk|Bard|Rogue|Shaman|Necromancer|Wizard|Magician|Enchanter|Beastlord|Berserker,,30,20,0.1,TINY,,MAGIC ITEM,CHA-5,
Fingers,Spell Haste II,Djarns Amethyst Ring,https://eqlwiki.com/Djarns_Amethyst_Ring,FINGER,Warrior|Cleric|Paladin|Ranger|Shadow Knight|Druid|Monk|Bard|Rogue|Shaman|Necromancer|Wizard|Magician|Enchanter|Beastlord|Berserker,,80,,0.1,TINY,,MAGIC ITEM|LORE ITEM,AGI+9,
Fingers,Summoning Efficiency I,Band of Flesh,https://eqlwiki.com/Band_of_Flesh,FINGER,Warrior|Cleric|Paladin|Ranger|Shadow Knight|Druid|Monk|Bard|Rogue|Shaman|Necromancer|Wizard|Magician|Enchanter|Beastlord|Berserker,,,,0.1,TINY,,MAGIC ITEM,STR+2,
Fingers,Summoning Haste I,Adamantite Band,https://eqlwiki.com/Adamantite_Band,FINGER,Warrior|Cleric|Paladin|Ranger|Shadow Knight|Druid|Monk|Bard|Rogue|Shaman|Necromancer|Wizard|Magician|Enchanter|Beastlord|Berserker,,75,,0.1,TINY,Classic Era,MAGIC ITEM,,MAGIC-10
Hands,Affliction Efficiency I,Impskin Gloves,https://eqlwiki.com/Impskin_Gloves,HANDS,Warrior|Cleric|Paladin|Ranger|Shadow Knight|Druid|Monk|Bard|Rogue|Shaman|Necromancer|Wizard|Magician|Enchanter|Beastlord|Berserker,2,,10,1.5,SMALL,,MAGIC ITEM,INT+5,
Hands,Improved Damage I,Lupine Claw Gauntlets,https://eqlwiki.com/Lupine_Claw_Gauntlets,HANDS,Warrior|Cleric|Paladin|Ranger|Shadow Knight|Druid|Monk|Bard|Rogue|Shaman|Necromancer|Wizard|Magician|Enchanter|Beastlord|Berserker,4,,,0.2,LARGE,,MAGIC ITEM,AGI+3 DEX+3,
Hands,Summoning Efficiency I,Dusty Bloodstained Gloves,https://eqlwiki.com/Dusty_Bloodstained_Gloves,HANDS,Necromancer|Wizard|Magician|Enchanter,2,,25,0.4,SMALL,,MAGIC ITEM,,
Head,Burning Affliction II,Siryn Hair Hood,https://eqlwiki.com/Siryn_Hair_Hood,HEAD,Warrior|Cleric|Paladin|Ranger|Shadow Knight|Druid|Monk|Bard|Rogue|Shaman|Necromancer|Wizard|Magician|Enchanter|Beastlord|Berserker,5,,,0.2,SMALL,,MAGIC ITEM,CHA+13,FIRE+10
Head,Burning Affliction III,Cryosilk Cap,https://eqlwiki.com/Cryosilk_Cap,HEAD,Necromancer|Wizard|Magician|Enchanter,5,10,10,0.3,SMALL,Classic Era,MAGIC ITEM|NO DROP,CHA+13 INT+7 WIS+9,MAGIC+9
Head,Enhancement Haste I,Cat Skull Cap,https://eqlwiki.com/Cat_Skull_Cap,HEAD,Warrior|Cleric|Paladin|Ranger|Shadow Knight|Druid|Monk|Bard|Rogue|Shaman|Necromancer|Wizard|Magician|Enchanter|Beastlord|Berserker,4,,,0.5,SMALL,Classic Era,MAGIC ITEM|LORE ITEM|NO DROP,,MAGIC+2
Head,Enhancement Haste I,Etched Iron Helm,https://eqlwiki.com/Etched_Iron_Helm,HEAD,Warrior|Cleric|Paladin|Shadow Knight|Bard,11,,,7.5,SMALL,Classic Era,,,MAGIC+2
Head,Enhancement Haste II,Platinum Tiara,https://eqlwiki.com/Platinum_Tiara,HEAD,Cleric|Druid|Bard|Shaman|Necromancer|Wizard|Magician|Enchanter,3,35,50,1.2,SMALL,,MAGIC ITEM|LORE ITEM,,
Head,Extended Enhancement I,Shazda Turban,https://eqlwiki.com/Shazda_Turban,HEAD,Warrior|Cleric|Paladin|Ranger|Shadow Knight|Druid|Monk|Bard|Rogue|Shaman|Necromancer|Wizard|Magician|Enchanter|Beastlord|Berserker,,,,0.2,MEDIUM,,MAGIC ITEM|LORE ITEM,AGI+4 DEX+4,
Head,Extended Enhancement II,Batfang Headband,https://eqlwiki.com/Batfang_Headband,HEAD,Warrior|Cleric|Paladin|Ranger|Shadow Knight|Druid|Monk|Bard|Rogue|Shaman|Necromancer|Wizard|Magician|Enchanter|Beastlord|Berserker,2,,,1.5,SMALL,Classic Era,MAGIC ITEM,INT+3 WIS+3,
Head,Improved Healing I,Turtleshell Helm,https://eqlwiki.com/Turtleshell_Helm,HEAD,Warrior|Cleric|Paladin|Ranger|Shadow Knight|Druid|Monk|Bard|Rogue|Shaman|Necromancer|Wizard|Magician|Enchanter|Beastlord|Berserker,5,,,6.0,SMALL,,MAGIC ITEM,STR+3,
Head,Improved Healing I,Zaharn's Coronet,https://eqlwiki.com/Zaharn's_Coronet,HEAD,Cleric|Druid|Shaman,5,,25,5.0,SMALL,,MAGIC ITEM|LORE ITEM,STR+3,
Head,Mana Preservation I,Wicked Sallet,https://eqlwiki.com/Wicked_Sallet,HEAD,Shadow Knight,10,,,3.5,SMALL,Classic Era,,INT+2 STA+3 STR+3,
Head,Mana Preservation II,Mane Attraction,https://eqlwiki.com/Mane_Attraction,HEAD,Warrior|Cleric|Paladin|Ranger|Shadow Knight|Druid|Monk|Bard|Rogue|Shaman|Necromancer|Wizard|Magician|Enchanter|Beastlord|Berserker,4,,,3.5,SMALL,,LORE ITEM|NO DROP,CHA+10,
Head,Reagent Conservation II,Crown of Leaves,https://eqlwiki.com/Crown_of_Leaves,HEAD,Warrior|Cleric|Paladin|Ranger|Shadow Knight|Druid|Monk|Bard|Rogue|Shaman|Necromancer|Wizard|Magician|Enchanter|Beastlord|Berserker,1,,,0.4,SMALL,,,WIS+5,
Head,Reagent Conservation II,Fine Silk Turban,https://eqlwiki.com/Fine_Silk_Turban,HEAD,Warrior|Cleric|Paladin|Ranger|Shadow Knight|Druid|Monk|Bard|Rogue|Shaman|Necromancer|Wizard|Magician|Enchanter|Beastlord|Berserker,10,,,0.3,SMALL,,MAGIC ITEM,,FIRE+10
Head,Reagent Conservation II,Savant's Cap,https://eqlwiki.com/Savant's_Cap,HEAD,Warrior|Cleric|Paladin|Ranger|Shadow Knight|Druid|Monk|Bard|Rogue|Shaman|Necromancer|Wizard|Magician|Enchanter|Beastlord|Berserker,2,,,0.3,SMALL,,MAGIC ITEM,INT+3 WIS+3,
Head,Reanimation Efficiency I,Dark Circlet,https://eqlwiki.com/Dark_Circlet,HEAD,Necromancer,4,10,,0.2,SMALL,Classic Era,,CHA-2 INT+4,
Head,Reanimation Efficiency II,Runed Cowl,https://eqlwiki.com/Runed_Cowl,HEAD,Bard|Necromancer|Wizard|Magician|Enchanter,2,,,0.3,SMALL,Classic Era,MAGIC ITEM,INT+9 WIS+5,
Head,Reanimation Haste I,Nightshade Wreath,https://eqlwiki.com/Nightshade_Wreath,HEAD,Cleric|Druid|Bard|Shaman|Necromancer|Wizard|Magician|Enchanter,1,,,0.1,SMALL,,MAGIC ITEM,INT+5 WIS+5,
Legs,Reagent Conservation I,Drake-hide Leggings,https://eqlwiki.com/Drake-hide_Leggings,LEGS,Warrior|Cleric|Paladin|Ranger|Shadow Knight|Druid|Monk|Bard|Rogue|Shaman|Necromancer|Wizard|Magician|Enchanter|Beastlord|Berserker,5,,,0.1,MEDIUM,,MAGIC ITEM,CHA+5 DEX+5,
Legs,Reanimation Haste II,Ishva Mas Leggings,https://eqlwiki.com/Ishva_Mas_Leggings,LEGS,Necromancer|Wizard|Magician|Enchanter,5,,,0.7,SMALL,Classic Era,ATTUNABLE|EQUIPPED|LORE,CHA+5 INT+5,FIRE+7 POISON+7
Neck,Affliction Efficiency II,White Gold Necklace,https://eqlwiki.com/White_Gold_Necklace,NECK,Warrior|Cleric|Paladin|Ranger|Shadow Knight|Druid|Monk|Bard|Rogue|Shaman|Necromancer|Wizard|Magician|Enchanter|Beastlord|Berserker,,,,0.3,SMALL,,MAGIC ITEM,CHA+5,COLD+7 FIRE+7 MAGIC+7
Neck,Affliction Haste II,Chrysoberyl Talisman,https://eqlwiki.com/Chrysoberyl_Talisman,NECK,Warrior|Cleric|Paladin|Ranger|Shadow Knight|Druid|Monk|Bard|Rogue|Shaman|Necromancer|Wizard|Magician|Enchanter|Beastlord|Berserker,5,,20,1.0,SMALL,,MAGIC ITEM|LORE ITEM,WIS+3,
Neck,Burning Affliction I,Allize Volew Medicine Bag,https://eqlwiki.com/Allize_Volew_Medicine_Bag,NECK,Warrior|Cleric|Paladin|Ranger|Shadow Knight|Druid|Monk|Bard|Rogue|Shaman|Necromancer|Wizard|Magician|Enchanter|Beastlord|Berserker,,,,0.2,TINY,,MAGIC ITEM|LORE ITEM,,DISEASE+1 POISON+1
Neck,Burning Affliction I,Aviak Charm,https://eqlwiki.com/Aviak_Charm,NECK,Warrior|Cleric|Paladin|Ranger|Shadow Knight|Druid|Monk|Bard|Rogue|Shaman|Necromancer|Wizard|Magician|Enchanter|Beastlord|Berserker,,,,0.1,TINY,,MAGIC ITEM|LORE ITEM|NO DROP,DEX+2 WIS+1,POISON+2
Neck,Enhancement Haste I,Cape of Midnight Mist,https://eqlwiki.com/Cape_of_Midnight_Mist,NECK,Cleric|Druid|Bard|Shaman|Necromancer|Wizard|Magician|Enchanter,2,,,0.1,SMALL,Classic Era,MAGIC ITEM,STR+5,MAGIC+7
Neck,Extended Range I,An Elven Charm Necklace,https://eqlwiki.com/An_Elven_Charm_Necklace,NECK,Warrior|Cleric|Paladin|Ranger|Shadow Knight|Druid|Monk|Bard|Rogue|Shaman|Necromancer|Wizard|Magician|Enchanter|Beastlord|Berserker,,,,0.2,TINY,Classic Era,LORE ITEM,CHA+3,
Neck,Extended Range I,Elven Charm Necklace,https://eqlwiki.com/Elven_Charm_Necklace,NECK,Warrior|Cleric|Paladin|Ranger|Shadow Knight|Druid|Monk|Bard|Rogue|Shaman|Necromancer|Wizard|Magician|Enchanter|Beastlord|Berserker,,,,0.2,TINY,Classic Era,,CHA+3 INT+3 WIS+3,
Neck,Extended Range I,Glowing Bone Collar,https://eqlwiki.com/Glowing_Bone_Collar,NECK,Warrior|Cleric|Paladin|Ranger|Shadow Knight|Druid|Monk|Bard|Rogue|Shaman|Necromancer|Wizard|Magician|Enchanter|Beastlord|Berserker,5,25,25,0.4,SMALL,Classic Era,MAGIC ITEM|LORE ITEM,,
Neck,Jedah's Conservation,Summoned: Jedah's Silver Choker,https://eqlwiki.com/Summoned:_Jedah's_Silver_Choker,NECK,Beastlord|Cleric|Druid|Enchanter|Magician|Necromancer|Paladin|Ranger|Shaman|Shadow Knight|Wizard,5,10,10,0.1,TINY,,MAGIC ITEM|TEMPORARY|EQUIPPED|LORE,,
Neck,Jedah's Greater Conservation,Summoned: Jedah's Golden Choker,https://eqlwiki.com/Summoned:_Jedah's_Golden_Choker,NECK,Beastlord|Cleric|Druid|Enchanter|Magician|Necromancer|Paladin|Ranger|Shaman|Shadow Knight|Wizard,8,20,20,0.1,TINY,,MAGIC ITEM|TEMPORARY|EQUIPPED|LORE,,
Neck,Jedah's Lesser Conservation,Summoned: Jedah's Brass Choker,https://eqlwiki.com/Summoned:_Jedah's_Brass_Choker,NECK,Beastlord|Cleric|Druid|Enchanter|Magician|Necromancer|Paladin|Ranger|Shaman|Shadow Knight|Wizard,2,5,5,0.1,TINY,,MAGIC ITEM|TEMPORARY|EQUIPPED|LORE,,
Neck,Jedah's Superior Conservation,Summoned: Jedah's Platinum Choker,https://eqlwiki.com/Summoned:_Jedah's_Platinum_Choker,NECK,Beastlord|Cleric|Druid|Enchanter|Magician|Necromancer|Paladin|Ranger|Shaman|Shadow Knight|Wizard,8,20,20,0.1,TINY,Velious Era,MAGIC ITEM|TEMPORARY|EQUIPPED|LORE,,
Neck,Mana Preservation II,Black Alloy Medallion,https://eqlwiki.com/Black_Alloy_Medallion,NECK,Warrior|Cleric|Paladin|Ranger|Shadow Knight|Druid|Monk|Bard|Rogue|Shaman|Necromancer|Wizard|Magician|Enchanter|Beastlord|Berserker,6,,,0.1,TINY,Classic Era,MAGIC ITEM,INT+5 WIS+5,
Neck,Spell Haste I,Beaded Slime Necklace,https://eqlwiki.com/Beaded_Slime_Necklace,NECK,Warrior|Cleric|Paladin|Ranger|Shadow Knight|Druid|Monk|Bard|Rogue|Shaman|Necromancer|Wizard|Magician|Enchanter|Beastlord|Berserker,,,,0.2,SMALL,,,INT+5,
Primary,Brass Resonance 12,Efreeti War Horn,https://eqlwiki.com/Efreeti_War_Horn,PRIMARY,Bard,,,,5.0,MEDIUM,Sky Era,MAGIC ITEM|LORE ITEM,,
Primary,Brass Resonance 12,Verlekarnorm's Horn of Disaster,https://eqlwiki.com/Verlekarnorm's_Horn_of_Disaster,PRIMARY,Bard,50,,,5.0,TINY,Velious Era,MAGIC ITEM|LORE ITEM|NO DROP,STA+25,
Primary,Brass Resonance 14,McVaxius` Horn of War,https://eqlwiki.com/McVaxius`_Horn_of_War,PRIMARY SECONDARY,Warrior|Cleric|Paladin|Ranger|Shadow Knight|Druid|Monk|Bard|Rogue|Shaman|Necromancer|Wizard|Magician|Enchanter|Beastlord|Berserker,,,,0.6,SMALL,,MAGIC ITEM|LORE ITEM,CHA+15 DEX+9 INT+9,
Primary,Brass Resonance 15,Denon's Horn of Disaster,https://eqlwiki.com/Denon's_Horn_of_Disaster,PRIMARY,Bard,,50,,2.0,MEDIUM,Sky Era,MAGIC ITEM|LORE ITEM|NO DROP,CHA+10 INT+5 STR+5,
Primary,Burning Affliction II,Black Tome with Silver Runes,https://eqlwiki.com/Black_Tome_with_Silver_Runes,PRIMARY,Necromancer|Wizard|Magician|Enchanter,,,30,0.0,TINY,Classic Era,MAGIC ITEM,INT+4,
Primary,Improved Healing III,Idol of the Underking,https://eqlwiki.com/Idol_of_the_Underking,RANGE PRIMARY SECONDARY,Warrior|Cleric|Paladin|Ranger|Shadow Knight|Druid|Monk|Bard|Rogue|Shaman|Necromancer|Wizard|Magician|Enchanter|Beastlord|Berserker,,20,20,2.5,TINY,Classic Era,MAGIC ITEM|LORE ITEM,STR+3,
Primary,Minion of Air,Broom of Trilon,https://eqlwiki.com/Broom_of_Trilon,PRIMARY,Magician,,,,3.5,LARGE,Temple Era,MAGIC ITEM|LORE ITEM|NO DROP,AGI+3 INT+2,
Primary,Minion of Earth,Shovel of Ponz,https://eqlwiki.com/Shovel_of_Ponz,PRIMARY,Magician,,,,3.5,LARGE,Temple Era,MAGIC ITEM|LORE ITEM|NO DROP,INT+2 STR+3,
Primary,Minion of Fire,Torch of Alna,https://eqlwiki.com/Torch_of_Alna,PRIMARY,Magician,,,,3.5,LARGE,Temple Era,MAGIC ITEM|LORE ITEM|NO DROP,INT+2,FIRE+5
Primary,Minion of Hate,Encyclopedia Necrotheurgia,https://eqlwiki.com/Encyclopedia_Necrotheurgia,PRIMARY SECONDARY,Necromancer,,,,2.0,MEDIUM,,MAGIC ITEM|LORE ITEM|NO DROP,,
Primary,Minion of Water,Stein of Ulissa,https://eqlwiki.com/Stein_of_Ulissa,PRIMARY,Magician,,,,3.5,LARGE,Temple Era,MAGIC ITEM|LORE ITEM|NO DROP,INT+2,COLD+5
Primary,Percussion Resonance 11,Mistmoore Battle Drums,https://eqlwiki.com/Mistmoore_Battle_Drums,PRIMARY SECONDARY,Warrior|Cleric|Paladin|Ranger|Shadow Knight|Druid|Monk|Bard|Rogue|Shaman|Necromancer|Wizard|Magician|Enchanter|Beastlord|Berserker,,,,0.5,SMALL,,ATTUNEABLE|PLACEABLE,,
Primary,Percussion Resonance 14,Selo`s Drums of the March,https://eqlwiki.com/Selo`s_Drums_of_the_March,PRIMARY SECONDARY,Warrior|Cleric|Paladin|Ranger|Shadow Knight|Druid|Monk|Bard|Rogue|Shaman|Necromancer|Wizard|Magician|Enchanter|Beastlord|Berserker,,,,0.5,SMALL,,MAGIC ITEM,,
Primary,Percussion Resonance 16,Drums of the Beast,https://eqlwiki.com/Drums_of_the_Beast,PRIMARY,Bard,,,,1.0,MEDIUM,Velious Era,MAGIC ITEM|LORE ITEM,,
Primary,Reagent Conservation I,The Artist's Brush,https://eqlwiki.com/The_Artist's_Brush,RANGE PRIMARY SECONDARY,Necromancer|Wizard|Magician|Enchanter,,,10,0.5,SMALL,,,DEX+3 INT+3,
Primary,Servant of Air,Staff of Elemental Mastery: Air,https://eqlwiki.com/Staff_of_Elemental_Mastery:_Air,PRIMARY,Magician,,,,5.0,LARGE,Sky Era,MAGIC ITEM|LORE ITEM|NO DROP,,
Primary,Servant of Earth,Staff of Elemental Mastery: Earth,https://eqlwiki.com/Staff_of_Elemental_Mastery:_Earth,PRIMARY,Magician,,,,5.0,LARGE,,MAGIC ITEM|LORE ITEM|NO DROP,,
Primary,Servant of Fire,Staff of Elemental Mastery: Fire,https://eqlwiki.com/Staff_of_Elemental_Mastery:_Fire,PRIMARY,Magician,,,,5.0,LARGE,,MAGIC ITEM|LORE ITEM|NO DROP,,
Primary,Servant of Water,Staff of Elemental Mastery: Water,https://eqlwiki.com/Staff_of_Elemental_Mastery:_Water,PRIMARY,Magician,,,,5.0,LARGE,,,,
Primary,String Resonance 11,Gypsy Lute,https://eqlwiki.com/Gypsy_Lute,PRIMARY SECONDARY,Warrior|Cleric|Paladin|Ranger|Shadow Knight|Druid|Monk|Bard|Rogue|Shaman|Necromancer|Wizard|Magician|Enchanter|Beastlord|Berserker,,,,0.7,SMALL,,,,MAGIC+5
Primary,String Resonance 11,Lute of the Gypsy Princess,https://eqlwiki.com/Lute_of_the_Gypsy_Princess,Primary Secondary,Warrior|Cleric|Paladin|Ranger|Shadow Knight|Druid|Monk|Bard|Rogue|Shaman|Necromancer|Wizard|Magician|Enchanter|Beastlord|Berserker,,,,0.8,SMALL,,ATTUNABLE|PLACEABLE,,
Primary,String Resonance 12,Lute of the Howler,https://eqlwiki.com/Lute_of_the_Howler,PRIMARY,Bard,,,,0.5,SMALL,Velious Era,MAGIC ITEM,,
Primary,String Resonance 15,Lyran's Mystical Lute,https://eqlwiki.com/Lyran's_Mystical_Lute,PRIMARY SECONDARY,Bard,,,,2.0,MEDIUM,Kunark Era,MAGIC ITEM|LORE ITEM|NO DROP,CHA+15 DEX+10 INT+10 STR+10,
Primary,Wind Resonance 0,Crude Wooden Flute,https://eqlwiki.com/Crude_Wooden_Flute,PRIMARY,Bard,,,,0.1,SMALL,Sky Era,LORE ITEM|NO DROP,,
Primary,Wind Resonance 10,Minotaur Horn,https://eqlwiki.com/Minotaur_Horn,PRIMARY SECONDARY,Warrior|Cleric|Paladin|Ranger|Shadow Knight|Druid|Monk|Bard|Rogue|Shaman|Necromancer|Wizard|Magician|Enchanter|Beastlord|Berserker,,,,0.1,SMALL,Classic Era,,,
Primary,Wind Resonance 12,Agilmente's Flute of Flight,https://eqlwiki.com/Agilmente's_Flute_of_Flight,PRIMARY,Bard,,,,0.1,TINY,Sky Era,MAGIC ITEM|LORE ITEM|NO DROP,INT+2 STR+4,
Primary,Wind Resonance 12,Ervaj's Flute of Flight,https://eqlwiki.com/Ervaj's_Flute_of_Flight,PRIMARY,Bard,,,,0.1,TINY,Classic Era,MAGIC ITEM|LORE ITEM|NO DROP,CHA+10 INT+5 STA+10 STR+8,
Range,Improved Healing III,Idol of the Underking,https://eqlwiki.com/Idol_of_the_Underking,RANGE PRIMARY SECONDARY,Warrior|Cleric|Paladin|Ranger|Shadow Knight|Druid|Monk|Bard|Rogue|Shaman|Necromancer|Wizard|Magician|Enchanter|Beastlord|Berserker,,20,20,2.5,TINY,Classic Era,MAGIC ITEM|LORE ITEM,STR+3,
Range,Reagent Conservation I,The Artist's Brush,https://eqlwiki.com/The_Artist's_Brush,RANGE PRIMARY SECONDARY,Necromancer|Wizard|Magician|Enchanter,,,10,0.5,SMALL,,,DEX+3 INT+3,
Secondary,Brass Resonance 10,Horn,https://eqlwiki.com/Horn,SECONDARY,Bard,,,,0.6,SMALL,,,,
Secondary,Brass Resonance 11,Conch Shell Horn,https://eqlwiki.com/Conch_Shell_Horn,SECONDARY,Bard,,,,4.5,SMALL,Velious Era,MAGIC ITEM,,
Secondary,Brass Resonance 14,Immaculate Shell Horn,https://eqlwiki.com/Immaculate_Shell_Horn,SECONDARY,Bard,,,,4.5,SMALL,Velious Era,MAGIC ITEM|LORE ITEM,CHA+15 STR-8,
Secondary,Brass Resonance 14,McVaxius` Horn of War,https://eqlwiki.com/McVaxius`_Horn_of_War,PRIMARY SECONDARY,Warrior|Cleric|Paladin|Ranger|Shadow Knight|Druid|Monk|Bard|Rogue|Shaman|Necromancer|Wizard|Magician|Enchanter|Beastlord|Berserker,,,,0.6,SMALL,,MAGIC ITEM|LORE ITEM,CHA+15 DEX+9 INT+9,
Secondary,Brass Resonance 8,Alluring Horn,https://eqlwiki.com/Alluring_Horn,SECONDARY,Warrior|Cleric|Paladin|Ranger|Shadow Knight|Druid|Monk|Bard|Rogue|Shaman|Necromancer|Wizard|Magician|Enchanter|Beastlord|Berserker,,,,1.0,MEDIUM,EpicQuests Era,MAGIC ITEM|LORE ITEM|NO DROP,,
Secondary,Extended Enhancement III,Rokyls Channelling Crystal,https://eqlwiki.com/Rokyls_Channelling_Crystal,SECONDARY,Bard|Necromancer|Wizard|Magician|Enchanter,10,50,50,0.2,TINY,,MAGIC ITEM|LORE ITEM,,
Secondary,Improved Damage I,Spiked Buckler,https://eqlwiki.com/Spiked_Buckler,SECONDARY,Warrior|Cleric|Paladin|Ranger|Shadow Knight|Druid|Bard|Rogue|Shaman,10,,,8.0,SMALL,Classic Era,,DEX+2,COLD+5 FIRE+5
Secondary,Improved Healing III,Idol of the Underking,https://eqlwiki.com/Idol_of_the_Underking,RANGE PRIMARY SECONDARY,Warrior|Cleric|Paladin|Ranger|Shadow Knight|Druid|Monk|Bard|Rogue|Shaman|Necromancer|Wizard|Magician|Enchanter|Beastlord|Berserker,,20,20,2.5,TINY,Classic Era,MAGIC ITEM|LORE ITEM,STR+3,
Secondary,Mana Preservation I,Testament of Vanear,https://eqlwiki.com/Testament_of_Vanear,SECONDARY,Warrior|Cleric|Paladin|Ranger|Shadow Knight|Druid|Monk|Bard|Rogue|Shaman|Necromancer|Wizard|Magician|Enchanter|Beastlord|Berserker,,,10,2.0,SMALL,,MAGIC ITEM|LORE ITEM|NO DROP,WIS+10,
Secondary,Mana Preservation II,Nisch Mas Ilkvel,https://eqlwiki.com/Nisch_Mas_Ilkvel,SECONDARY,Cleric|Druid|Shaman,10,,15,7.0,MEDIUM,Classic Era,ATTUNABLE|EQUIPPED|LORE,STA+6 WIS+6,DISEASE+12
Secondary,Minion of Hate,Encyclopedia Necrotheurgia,https://eqlwiki.com/Encyclopedia_Necrotheurgia,PRIMARY SECONDARY,Necromancer,,,,2.0,MEDIUM,,MAGIC ITEM|LORE ITEM|NO DROP,,
Secondary,Percussion Resonance 11,Mahlin's Mystical Bongos,https://eqlwiki.com/Mahlin's_Mystical_Bongos,SECONDARY,Bard,,,,0.5,SMALL,EpicQuests Era,MAGIC ITEM|LORE ITEM,,
Secondary,Percussion Resonance 11,Mistmoore Battle Drums,https://eqlwiki.com/Mistmoore_Battle_Drums,PRIMARY SECONDARY,Warrior|Cleric|Paladin|Ranger|Shadow Knight|Druid|Monk|Bard|Rogue|Shaman|Necromancer|Wizard|Magician|Enchanter|Beastlord|Berserker,,,,0.5,SMALL,,ATTUNEABLE|PLACEABLE,,
Secondary,Percussion Resonance 12,Nostrolo Tambourine,https://eqlwiki.com/Nostrolo_Tambourine,SECONDARY,Bard,,,,0.5,SMALL,Kunark Era,MAGIC ITEM|LORE ITEM|NO TRADE,INT+5,
Secondary,Percussion Resonance 12,Sharkskin Drum,https://eqlwiki.com/Sharkskin_Drum,SECONDARY,Bard,,,,0.8,SMALL,,MAGIC ITEM,,
Secondary,Percussion Resonance 13,Walrus Skin Drum,https://eqlwiki.com/Walrus_Skin_Drum,SECONDARY,Bard,,,,0.5,SMALL,Velious Era,MAGIC ITEM|LORE ITEM,,
Secondary,Percussion Resonance 14,Selo`s Drums of the March,https://eqlwiki.com/Selo`s_Drums_of_the_March,PRIMARY SECONDARY,Warrior|Cleric|Paladin|Ranger|Shadow Knight|Druid|Monk|Bard|Rogue|Shaman|Necromancer|Wizard|Magician|Enchanter|Beastlord|Berserker,,,,0.5,SMALL,,MAGIC ITEM,,
Secondary,Percussion Resonance 8,Hand Drum,https://eqlwiki.com/Hand_Drum,SECONDARY,Bard,,,,0.5,SMALL,,,,
Secondary,Reagent Conservation I,The Artist's Brush,https://eqlwiki.com/The_Artist's_Brush,RANGE PRIMARY SECONDARY,Necromancer|Wizard|Magician|Enchanter,,,10,0.5,SMALL,,,DEX+3 INT+3,
Secondary,String Resonance 10,Lute,https://eqlwiki.com/Lute,SECONDARY,Bard,,,,0.8,SMALL,,,,
Secondary,String Resonance 10,Mandolin,https://eqlwiki.com/Mandolin,SECONDARY,Warrior|Cleric|Paladin|Ranger|Shadow Knight|Druid|Monk|Bard|Rogue|Shaman|Necromancer|Wizard|Magician|Enchanter|Beastlord|Berserker,,,,0.0,TINY,Classic Era,,,
Secondary,String Resonance 11,Gypsy Lute,https://eqlwiki.com/Gypsy_Lute,PRIMARY SECONDARY,Warrior|Cleric|Paladin|Ranger|Shadow Knight|Druid|Monk|Bard|Rogue|Shaman|Necromancer|Wizard|Magician|Enchanter|Beastlord|Berserker,,,,0.7,SMALL,,,,MAGIC+5
Secondary,String Resonance 11,Lute of the Gypsy Princess,https://eqlwiki.com/Lute_of_the_Gypsy_Princess,Primary Secondary,Warrior|Cleric|Paladin|Ranger|Shadow Knight|Druid|Monk|Bard|Rogue|Shaman|Necromancer|Wizard|Magician|Enchanter|Beastlord|Berserker,,,,0.8,SMALL,,ATTUNABLE|PLACEABLE,,
Secondary,String Resonance 11,Mystical Lute,https://eqlwiki.com/Mystical_Lute,SECONDARY,Bard,,,,0.8,SMALL,EpicQuests Era,MAGIC ITEM|LORE ITEM,,
Secondary,String Resonance 14,Kelin`s Seven Stringed Lute,https://eqlwiki.com/Kelin`s_Seven_Stringed_Lute,SECONDARY,Bard,,,,0.6,SMALL,,MAGIC ITEM|LORE ITEM|NO DROP,AGI+9 CHA+15 DEX+9,
Secondary,String Resonance 14,Lyendlln's Lute,https://eqlwiki.com/Lyendlln's_Lute,SECONDARY,Bard,10,25,,5.0,MEDIUM,Velious Era,MAGIC ITEM|LORE ITEM,,
Secondary,String Resonance 15,Lyran's Mystical Lute,https://eqlwiki.com/Lyran's_Mystical_Lute,PRIMARY SECONDARY,Bard,,,,2.0,MEDIUM,Kunark Era,MAGIC ITEM|LORE ITEM|NO DROP,CHA+15 DEX+10 INT+10 STR+10,
Secondary,Summoning Haste I,A Shimmering Orb,https://eqlwiki.com/A_Shimmering_Orb,SECONDARY,Bard|Necromancer|Wizard|Magician|Enchanter,15,20,,0.2,TINY,Classic Era,MAGIC ITEM|LORE ITEM,,
Secondary,Wind Resonance 0,Broken Minotaur Lord's Horn,https://eqlwiki.com/Broken_Minotaur_Lord's_Horn,SECONDARY,Bard,,,,2.7,SMALL,,LORE ITEM|NO DROP,,POISON+10
Secondary,Wind Resonance 0,Lianna's Flute,https://eqlwiki.com/Lianna's_Flute,SECONDARY,Bard,,,,0.5,TINY,Temple Era,LORE ITEM|NO DROP,,
Secondary,Wind Resonance 10,Minotaur Horn,https://eqlwiki.com/Minotaur_Horn,PRIMARY SECONDARY,Warrior|Cleric|Paladin|Ranger|Shadow Knight|Druid|Monk|Bard|Rogue|Shaman|Necromancer|Wizard|Magician|Enchanter|Beastlord|Berserker,,,,0.1,SMALL,Classic Era,,,
Secondary,Wind Resonance 10,Scorpion Pincer,https://eqlwiki.com/Scorpion_Pincer,SECONDARY,Bard,,,,0.1,SMALL,,QUEST ITEM,,
Secondary,Wind Resonance 11,Brahhms Horn,https://eqlwiki.com/Brahhms_Horn,SECONDARY,Bard,,,,0.1,SMALL,Classic Era,,,
Secondary,Wind Resonance 11,Faun Flute,https://eqlwiki.com/Faun_Flute,SECONDARY,Bard,,,,1.5,SMALL,,MAGIC ITEM,CHA+6,
Secondary,Wind Resonance 12,Unicorn Horn,https://eqlwiki.com/Unicorn_Horn,SECONDARY,Bard,,,,0.1,SMALL,Classic Era,MAGIC ITEM,,
Secondary,Wind Resonance 14,Lyssa`s Darkwood Piccolo,https://eqlwiki.com/Lyssa`s_Darkwood_Piccolo,SECONDARY,Bard,,,,0.5,TINY,,MAGIC ITEM,,
Secondary,Wind Resonance 15,Flute of the Sacred Glade,https://eqlwiki.com/Flute_of_the_Sacred_Glade,SECONDARY,Bard,,,,1.5,SMALL,Velious Era,MAGIC ITEM|LORE ITEM,CHA+8 WIS+4,DISEASE+10
Secondary,Wind Resonance 8,Wooden Flute,https://eqlwiki.com/Wooden_Flute,SECONDARY,Bard,,,,0.5,TINY,,,,
Shoulders,Affliction Efficiency II,Squallsurge Shawl,https://eqlwiki.com/Squallsurge_Shawl,SHOULDERS,Necromancer|Wizard|Magician|Enchanter,5,,50,0.3,SMALL,,MAGIC ITEM,STA+5,
Shoulders,Enhancement Haste I,Braided Ivy Cords,https://eqlwiki.com/Braided_Ivy_Cords,SHOULDERS,Druid|Bard|Enchanter,4,,,0.3,SMALL,Classic Era,MAGIC ITEM,WIS+5,
Shoulders,Spell Haste I,Gilded Cloth,https://eqlwiki.com/Gilded_Cloth,SHOULDERS,Cleric|Druid|Bard|Shaman|Necromancer|Wizard|Magician|Enchanter,3,,,0.3,SMALL,,MAGIC ITEM,AGI+9 STR+5,
Shoulders,Tavee's Charm of Diuturnity,Summoned: Tavee's Leather Mantle,https://eqlwiki.com/Summoned:_Tavee's_Leather_Mantle,SHOULDER,Beastlord|Cleric|Druid|Enchanter|Magician|Necromancer|Paladin|Ranger|Shaman|Shadow Knight|Wizard,6,10,10,0.1,TINY,Classic Era,MAGIC ITEM|TEMPORARY|EQUIPPED|LORE,,
Shoulders,Tavee's Greater Diuturnity,Summoned: Tavee's Silken Mantle,https://eqlwiki.com/Summoned:_Tavee's_Silken_Mantle,SHOULDER,Beastlord|Cleric|Druid|Enchanter|Magician|Necromancer|Paladin|Ranger|Shaman|Shadow Knight|Wizard,9,20,20,0.1,TINY,Kunark Era,MAGIC ITEM|TEMPORARY|EQUIPPED|LORE,,
Shoulders,Tavee's Lesser Diuturnity,Summoned: Tavee's Linen Mantle,https://eqlwiki.com/Summoned:_Tavee's_Linen_Mantle,SHOULDER,Beastlord|Cleric|Druid|Enchanter|Magician|Necromancer|Paladin|Ranger|Shaman|Shadow Knight|Wizard,3,5,5,0.1,TINY,Classic Era,MAGIC ITEM|TEMPORARY|EQUIPPED|LORE,,
Shoulders,Tavee's Superior Diuturnity,Summoned: Tavee's Runed Mantle,https://eqlwiki.com/Summoned:_Tavee's_Runed_Mantle,SHOULDER,Beastlord|Cleric|Druid|Enchanter|Magician|Necromancer|Paladin|Ranger|Shaman|Shadow Knight|Wizard,9,20,20,0.1,TINY,Velious Era,MAGIC ITEM|TEMPORARY|EQUIPPED|LORE,,
Waist,Burning Affliction II,Reed Belt,https://eqlwiki.com/Reed_Belt,WAIST,Warrior|Cleric|Paladin|Ranger|Shadow Knight|Druid|Monk|Bard|Rogue|Shaman|Necromancer|Wizard|Magician|Enchanter|Beastlord|Berserker,6,10,,0.8,SMALL,Classic Era,MAGIC ITEM,WIS+5,
Waist,Burning Affliction III,Bone-Clasped Girdle,https://eqlwiki.com/Bone-Clasped_Girdle,WAIST,Cleric|Druid|Bard|Shaman|Necromancer|Wizard|Magician|Enchanter,4,75,75,0.1,SMALL,Classic Era,MAGIC ITEM,DEX+7 STA+7 STR+7,
Waist,Extended Enhancement II,Drakescale Belt,https://eqlwiki.com/Drakescale_Belt,WAIST,Warrior|Cleric|Paladin|Ranger|Shadow Knight|Druid|Monk|Bard|Rogue|Shaman|Necromancer|Wizard|Magician|Enchanter|Beastlord|Berserker,5,,,1.0,SMALL,Classic Era,,DEX+3,FIRE+10
Waist,Extended Range III,Cryosilk Sash,https://eqlwiki.com/Cryosilk_Sash,WAIST,Necromancer|Wizard|Magician|Enchanter,4,,10,0.2,SMALL,Fear Era,MAGIC ITEM|NO DROP,INT+1 STR+2,MAGIC+10
Waist,Reanimation Haste III,Grotesque Girdle,https://eqlwiki.com/Grotesque_Girdle,WAIST,Cleric|Druid|Shaman|Necromancer|Wizard|Magician|Enchanter,8,100,100,0.0,SMALL,FearHateRevamp Era,MAGIC ITEM|LORE ITEM|NO DROP,INT+10 WIS+10,
Waist,Summoning Haste III,Brell's Girdle,https://eqlwiki.com/Brell's_Girdle,WAIST,Warrior|Cleric|Paladin|Ranger|Shadow Knight|Druid|Monk|Bard|Rogue|Shaman|Necromancer|Wizard|Magician|Enchanter|Beastlord|Berserker,10,,50,0.1,SMALL,Classic Era,MAGIC ITEM|LORE ITEM,AGI-5 DEX-5 STA+10 STR+10,
Wrist,Affliction Efficiency I,Polished Bone Bracelet,https://eqlwiki.com/Polished_Bone_Bracelet,WRIST,Warrior|Cleric|Paladin|Ranger|Shadow Knight|Druid|Monk|Bard|Rogue|Shaman|Necromancer|Wizard|Magician|Enchanter|Beastlord|Berserker,2,,,0.4,TINY,Classic Era,MAGIC ITEM,INT+3 WIS+3,
Wrist,Affliction Efficiency II,Chipped Bone Bracelet,https://eqlwiki.com/Chipped_Bone_Bracelet,WRIST,Warrior|Cleric|Paladin|Ranger|Shadow Knight|Druid|Monk|Bard|Rogue|Shaman|Necromancer|Wizard|Magician|Enchanter|Beastlord|Berserker,4,,,2.0,SMALL,Classic Era,MAGIC ITEM,WIS+5,
Wrist,Affliction Haste I,Granite Bracer,https://eqlwiki.com/Granite_Bracer,WRIST,Warrior|Cleric|Paladin|Ranger|Shadow Knight|Druid|Monk|Bard|Rogue|Shaman|Necromancer|Wizard|Magician|Enchanter|Beastlord|Berserker,5,,,0.8,SMALL,,MAGIC ITEM,STA+7 STR+4,
Wrist,Burning Affliction I,Summoned: Rallican's Wooden Bracelet,https://eqlwiki.com/Summoned:_Rallican's_Wooden_Bracelet,WRIST,Beastlord|Cleric|Druid|Enchanter|Magician|Necromancer|Paladin|Ranger|Shaman|Shadow Knight|Wizard,4,5,5,0.1,TINY,Classic Era,MAGIC ITEM|TEMPORARY|EQUIPPED|LORE,,
Wrist,Burning Affliction II,Serpentine Bracer,https://eqlwiki.com/Serpentine_Bracer,WRIST,Warrior|Cleric|Paladin|Ranger|Shadow Knight|Druid|Monk|Bard|Rogue|Shaman|Necromancer|Wizard|Magician|Enchanter|Beastlord|Berserker,1,,,0.8,SMALL,Classic Era,MAGIC ITEM,AGI+9 DEX+3,
Wrist,Burning Affliction II,Summoned: Rallican's Stone Bracelet,https://eqlwiki.com/Summoned:_Rallican's_Stone_Bracelet,WRIST,Beastlord|Cleric|Druid|Enchanter|Magician|Necromancer|Paladin|Ranger|Shaman|Shadow Knight|Wizard,6,10,10,0.1,TINY,Classic Era,MAGIC ITEM|TEMPORARY|EQUIPPED|LORE,,
Wrist,Burning Affliction III,Summoned: Rallican's Iron Bracelet,https://eqlwiki.com/Summoned:_Rallican's_Iron_Bracelet,WRIST,Beastlord|Cleric|Druid|Enchanter|Magician|Necromancer|Paladin|Ranger|Shaman|Shadow Knight|Wizard,8,20,20,0.1,TINY,Kunark Era,MAGIC ITEM|TEMPORARY|EQUIPPED|LORE,,
Wrist,Burning Affliction IV,Summoned: Rallican's Steel Bracelet,https://eqlwiki.com/Summoned:_Rallican's_Steel_Bracelet,WRIST,Beastlord|Cleric|Druid|Enchanter|Magician|Necromancer|Paladin|Ranger|Shaman|Shadow Knight|Wizard,8,20,20,0.1,TINY,Velious Era,MAGIC ITEM|TEMPORARY|EQUIPPED|LORE,,
Wrist,Gallenite's Chaos,Summoned: Gallenite's Sapphire Bracelet,https://eqlwiki.com/Summoned:_Gallenite's_Sapphire_Bracelet,WRIST,Beastlord|Cleric|Druid|Enchanter|Magician|Necromancer|Paladin|Ranger|Shaman|Shadow Knight|Wizard,8,20,20,0.1,TINY,Velious Era,MAGIC ITEM|TEMPORARY|EQUIPPED|LORE,,
Wrist,Gallenite's Destruction,Summoned: Gallenite's Opal Bracelet,https://eqlwiki.com/Summoned:_Gallenite's_Opal_Bracelet,WRIST,Beastlord|Cleric|Druid|Enchanter|Magician|Necromancer|Paladin|Ranger|Shaman|Shadow Knight|Wizard,6,10,10,0.1,TINY,Classic Era,MAGIC ITEM|TEMPORARY|EQUIPPED|LORE,,
Wrist,Gallenite's Major Destruction,Summoned: Gallenite's Ruby Bracelet,https://eqlwiki.com/Summoned:_Gallenite's_Ruby_Bracelet,WRIST,Beastlord|Cleric|Druid|Enchanter|Magician|Necromancer|Paladin|Ranger|Shaman|Shadow Knight|Wizard,8,20,20,0.1,TINY,Kunark Era,MAGIC ITEM|TEMPORARY|EQUIPPED|LORE,,
Wrist,Gallenite's Minor Destruction,Summoned: Gallenite's Jade Bracelet,https://eqlwiki.com/Summoned:_Gallenite's_Jade_Bracelet,WRIST,Beastlord|Cleric|Druid|Enchanter|Magician|Necromancer|Paladin|Ranger|Shaman|Shadow Knight|Wizard,4,5,5,0.1,TINY,Classic Era,MAGIC ITEM|TEMPORARY|EQUIPPED|LORE,,
Wrist,Reagent Conservation I,Happy Love Bracers,https://eqlwiki.com/Happy_Love_Bracers,WRIST,Warrior|Cleric|Paladin|Ranger|Shadow Knight|Druid|Monk|Bard|Rogue|Shaman|Necromancer|Wizard|Magician|Enchanter|Beastlord|Berserker,1,,,4.0,SMALL,,LORE ITEM|NO DROP,,
Wrist,Reagent Conservation II,Amethyst Bracelet,https://eqlwiki.com/Amethyst_Bracelet,WRIST,Warrior|Cleric|Paladin|Ranger|Shadow Knight|Druid|Monk|Bard|Rogue|Shaman|Necromancer|Wizard|Magician|Enchanter|Beastlord|Berserker,5,15,,0.8,SMALL,,MAGIC ITEM,WIS+3,
Wrist,Reagent Conservation III,Runed Mithril Bracer,https://eqlwiki.com/Runed_Mithril_Bracer,WRIST,Warrior|Cleric|Paladin|Ranger|Shadow Knight|Druid|Monk|Bard|Rogue|Shaman|Necromancer|Wizard|Magician|Enchanter|Beastlord|Berserker,4,,,2.3,SMALL,Classic Era,MAGIC ITEM,STR+3 WIS+5,
Wrist,Reanimation Haste I,Ivory Bracelet,https://eqlwiki.com/Ivory_Bracelet,WRIST,Warrior|Cleric|Paladin|Ranger|Shadow Knight|Druid|Monk|Bard|Rogue|Shaman|Necromancer|Wizard|Magician|Enchanter|Beastlord|Berserker,,,20,0.2,TINY,Classic Era,MAGIC ITEM,AGI+3,
Wrist,Spell Haste I,Bracelet of Woven Grass,https://eqlwiki.com/Bracelet_of_Woven_Grass,WRIST,Warrior|Cleric|Paladin|Ranger|Shadow Knight|Druid|Monk|Bard|Rogue|Shaman|Necromancer|Wizard|Magician|Enchanter|Beastlord|Berserker,1,12,,0.2,TINY,,MAGIC ITEM,INT+3,
